{
    "_comment_servicos": "--- SERVIÇOS E INSTALAÇÕES PRINCIPAIS ---",
    "Restaurante Universitário (RU)": [-23.406913, -51.938269],
    "Biblioteca Central (BCE)": [-23.4065323,-51.939158],
    "Reitoria": [
        -23.4102148,
        -51.9389501
    ],
    "Prefeitura do Campus Universitário (PCU)": [-23.409762722697895, -51.938393104541774],
	"Diretoria de Assuntos Acadêmicos (DAA)": [-23.40979825576074, -51.93817481714197],
    "Museu Dinâmico Interdisciplinar (MUDI)": [
        -23.4067332,
        -51.9337822
    ],
    "Colégio de Aplicação Pedagógica (CAP)": [-23.403986348111896, -51.942385576658275],
    "Laboratório de Ensino e Pesquisa em Análises Clínicas (LEPAC)": [-23.402113247162973, -51.94103724137568],
    "Diretório Central dos Estudantes (DCE)": [-23.407779359579408, -51.93887419017198],
    "Teatro Universitário (TUM)": [-23.408503954041883, -51.934017706603164],
    "Rádio UEM 106.9": [
        -23.4101365,
        -51.9388204
    ],
    "TV UEM": [
        -23.4107019,
        -51.9371846
    ],
    "Cantina da Praça": [-23.404981786252886, -51.93843825735466],
    "COMCAP": [-23.321817931502686, -51.65239035570778],
    "_comment_centros_ensino": "--- CENTROS DE ENSINO ---",
    "Centro de Ciências Agrárias (CCA)": [-23.404374579907902, -51.94131153751539],
    "Centro de Ciências Biológicas (CCB)": [-23.409392703808706, -51.937952476293596],
    "Centro de Ciências da Saúde (CCS)": [-23.409520514924683, -51.938342824028425],
    "_comment_esportes": "--- ÁREA DE ESPORTES E LAZER ---",
    "Academia (CEAF)": [-23.407900768932922, -51.93768190213177],
    "_comment_blocos": "--- BLOCOS ---",
    "Bloco A01": [
        -23.4078065,
        -51.9354766
    ],
    "Bloco A34": [
        -23.407355,
        -51.934879
    ],
    "Bloco A38": [
        -23.4071506,
        -51.9347014
    ],
    "Bloco B07": [
        -23.3339791,
        -52.1178912
    ],
    "Bloco B08": [
        -23.4050101,
        -51.9350933
    ],
    "Bloco B09": [
        -23.4047577,
        -51.9351339
    ],
    "Bloco B12": [
        -23.40739,
        -51.9361964
    ],
    "Bloco B33 (PDE)": [-23.40664010094301, -51.93582630540378],
    "Bloco B34": [
        -23.3339791,
        -52.1178912
    ],
    "Bloco B36": [
        -23.3339791,
        -52.1178912
    ],
    "Bloco B49": [
        -23.3339791,
        -52.1178912
    ],
    "Bloco C23": [-23.406731523306313, -51.93681708719721],
    "Bloco C34": [
        -23.4064043,
        -51.9366037
    ],
    "Bloco C56": [
        -23.4056305,
        -51.9363072
    ],
    "Bloco D03": [
        -23.3339791,
        -52.1178912
    ],
    "Bloco D34": [
        -23.4060833,
        -51.937394
    ],
    "Bloco D67": [
        -23.4050338,
        -51.9369204
    ],
    "Bloco D89": [
        -23.4042313,
        -51.9365806
    ],
    "Bloco D90": [
        -23.4038566,
        -51.9364189
    ],
    "Bloco E34": [
        -23.4059271,
        -51.9380456
    ],
    "Bloco E46": [
        -23.4054963,
        -51.9374517
    ],
    "Bloco E78": [
        -23.4043996,
        -51.9374534
    ],
    "Bloco E90": [
        -23.4036258,
        -51.9371324
    ],
    "Bloco F05": [
        -23.3339791,
        -52.1178912
    ],
    "Bloco F10": [
        -23.3339791,
        -52.1178912
    ],
    "Bloco F67": [
        -23.4045288,
        -51.9382873
    ],
    "Bloco G04": [
        -23.3339791,
        -52.1178912
    ],
    "Bloco G34": [
        -23.4054384,
        -51.9394691
    ],
    "Bloco G56": [
        -23.4046868,
        -51.9391728
    ],
    "Bloco G67": [
        -23.4042881,
        -51.9390321
    ],
    "Bloco G68": [
        -23.4042203,
        -51.9385935
    ],
    "Bloco G80": [
        -23.4034618,
        -51.9382604
    ],
    "Bloco G90": [
        -23.4031685,
        -51.9385814
    ],
    "Bloco H01": [
        -23.3339791,
        -52.1178912
    ],
    "Bloco H12": [-23.4059868, -51.9405034],
    "Bloco H35": [
        -23.4051472,
        -51.9397558
    ],
    "Bloco H67": [
        -23.4040599,
        -51.939753
    ],
    "Bloco H78": [
        -23.4036772,
        -51.9395747
    ],
    "Bloco H90": [
        -23.4029006,
        -51.939315
    ],
    "Bloco I-12 (PPE)": [-23.405753, -51.941216],
	"Bloco I46": [-23.404518, -51.940310],
	"Bloco I46": [-23.404518, -51.940310],
    "Bloco Instituto de Línguas (ILG)": [-23.410348203626256, -51.93637582286469],
	"Bloco J01": [-23.405866, -51.941678],
	"Bloco J12": [-23.405441, -51.941946],
	"Bloco J13": [-23.405404, -51.941495],
	"Bloco J35": [-23.404449113174444, -51.94114576707383],
	"Bloco J45 (Agronomia)": [-23.404305699526766, -51.94116008596444],
	"Bloco J57": [-23.404305699526766, -51.94116008596444],
    "Bloco K10": [
        -23.4021427,
        -51.9410057
    ],
    "Bloco K68": [-23.4032352,-51.9414392],
    "Bloco K80": [
        -23.402529,
        -51.9411574
    ],
    "Bloco M05": [
        -23.4048367,
        -51.9443786
    ],
    "Bloco M06": [
        -23.404285,
        -51.944209
    ],
    "Bloco M07": [
        -23.4040337,
        -51.9441773
    ],
    "Bloco M15": [
        -23.4035013,
        -51.9438337
    ],
    "Bloco M19": [
        -23.3339791,
        -52.1178912
    ],
    "Bloco M21": [
        -23.3339791,
        -52.1178912
    ],
    "Bloco M22": [
        -23.3339791,
        -52.1178912
    ],
    "Bloco M24": [
        -23.3339791,
        -52.1178912
    ],
    "Bloco M30": [
        -23.3339791,
        -52.1178912
    ],
    "Bloco M33": [
        -23.3339791,
        -52.1178912
    ],
    "Bloco M34": [
        -23.3339791,
        -52.1178912
    ],
    "Bloco M40": [
        -23.3339791,
        -52.1178912
    ],
    "Bloco M50": [
        -23.3339791,
        -52.1178912
    ],
    "Bloco N02": [
        -23.3339791,
        -52.1178912
    ],
    "Bloco N19": [-23.402806388241107, -51.94573947114936],
    "Bloco N21": [
        -23.3339791,
        -52.1178912
    ],
    "Bloco N22": [
        -23.3339791,
        -52.1178912
    ],
    "Bloco N27": [
        -23.3339791,
        -52.1178912
    ],
    "Bloco N28": [
        -23.3339791,
        -52.1178912
    ],
    "Bloco 8": [-23.408495, -51.937984],
    "Bloco 9": [-23.40851892940072, -51.9378708067132],
	"Bloco 19": [-23.408842, -51.936941],
    "Bloco 23": [-23.409344, -51.936648],
    "Bloco 24": [-23.408985061859727, -51.93656207813674],
    "Bloco 26": [-23.410210476676916, -51.93668182454074],
    "Bloco 27": [-23.409796504574253, -51.936514886596264],
    "Bloco 28": [-23.409363401874543, -51.93640870848418],
	"Bloco 29": [-23.410376, -51.936361],
	"Bloco 30": [-23.409751, -51.936104],
    "Bloco 33": [
        -23.3339791,
        -52.1178912
    ],
	
    "Bloco P02": [
        -23.4058627,
        -51.9393834
    ],
    "Bloco P03": [
        -23.3339791,
        -52.1178912
    ],
    "Bloco T10": [
        -23.3339791,
        -52.1178912
    ],
    "Bloco 004": [
        -23.3339791,
        -52.1178912
    ],
    "Bloco 101": [
        -23.4102237,
        -51.9380983
    ],
    "Bloco 102": [-23.409684, -51.938443],
    "Bloco 109": [
        -23.4098482,
        -51.9381782
    ],
    "Bloco 110 (NPD)": [-23.409651327851705, -51.93804443196547],
    "Bloco 111": [-23.409541, -51.938362],
    "Bloco 115": [
        -23.4104455,
        -51.9378728
    ],
    "Bloco 118": [
-23.409344440541258, -51.93797482655512
    ],
    "Bloco 123": [
        -23.3339791,
        -52.1178912
    ],
    "Bloco 124": [
        -23.4101893,
        -51.9392076
    ],
    "_comment_portarias": "--- PORTARIAS ---",
    "Portão 01": [-23.410717170924272, -51.9378230862141],
    "Portão 02": [-23.407423979229335, -51.93895122049528],
    "Portão 03": [-23.4070735220766, -51.939997703487265],
    "Portão 04": [-23.406610196508638, -51.94140168614453],
    "Portão 05": [-23.404308230228633, -51.94768199946176],
    "Portão 06": [-23.401443456882863, -51.942132221068164],