{
    "_comment_servicos": "--- SERVIÇOS E INSTALAÇÕES PRINCIPAIS ---",
    "Restaurante Universitário (RU) - Bloco P01": [-23.40483, -51.93845],
    "Biblioteca Central (BCE) - Bloco P03": [-23.40521, -51.93895],
    "Reitoria - Bloco J01": [-23.40611, -51.93842],
    "Prefeitura do Campus Universitário (PCU)": [-23.40711, -51.93733],
    "Museu Dinâmico Interdisciplinar (MUDI) - Bloco O33": [-23.40422, -51.93582],
    "Colégio de Aplicação Pedagógica (CAP) - Blocos T11 a T14": [-23.40935, -51.93999],
    "Laboratório de Ensino e Pesquisa em Análises Clínicas (LEPAC) - Bloco K10": [-23.40798, -51.94085],
    "Diretório Central dos Estudantes (DCE)": [-23.40645, -51.93699],
    "Teatro Universitário de Maringá (TUM)": [-23.40871, -51.93825],
    "Rádio UEM FM - Bloco Q05": [-23.40673, -51.93666],
    "TV UEM": [-23.40682, -51.93655],
    "Atendimento Médico (Ambulatório)": [-23.40632, -51.93721],
    "Cantina": [-23.40545, -51.93802],
    "COMCAP": [-23.4072, -51.9371],
    "Banco ou Caixa Eletrônico": [-23.40618, -51.9376],
    "Garagem": [-23.4075, -51.9375],

    "_comment_centros_ensino": "--- CENTROS DE ENSINO ---",
    "Centro de Ciências Agrárias (CCA)": [-23.4076, -51.9401],
    "Centro de Ciências Biológicas (CCB) - Bloco G90": [-23.40401, -51.94121],
    "Centro de Ciências da Saúde (CCS) - Bloco 111": [-23.40618, -51.93514],
    "Centro de Ciências Exatas (CCE) - Bloco F67": [-23.40475, -51.94165],
    "Centro de Ciências Humanas, Letras e Artes (CCH) - Bloco H12": [-23.40723, -51.93916],
    "Centro de Tecnologia (CTC) - Bloco C67": [-23.40581, -51.94211],

    "_comment_esportes": "--- ÁREA DE ESPORTES E LAZER ---",
    "Centro de Esportes e Lazer da UEM (DEF)": [-23.40995, -51.94291],
    "Pista de Atletismo": [-23.40918, -51.94432],
    "Ginásio de Esportes - Bloco M06": [-23.40995, -51.94291],
    "Piscina - Bloco M19": [-23.40951, -51.94223],
    "Academia (CEAF)": [-23.40982, -51.94311],

    "_comment_blocos": "--- BLOCOS ---",
    "Bloco A01": [-23.40455, -51.93681],
    "Bloco A34": [-23.4041, -51.9364],
    "Bloco A38": [-23.4037, -51.936],
    "Bloco B07": [-23.4049, -51.9345],
    "Bloco B08": [-23.4051, -51.9349],
    "Bloco B09": [-23.40488, -51.93481],
    "Bloco B12": [-23.4047, -51.937],
    "Bloco B33 (PDE)": [-23.4044, -51.9353],
    "Bloco B34": [-23.4046, -51.9356],
    "Bloco B36": [-23.4048, -51.9359],
    "Bloco B49": [-23.405, -51.9362],
    "Bloco C23 (DCC)": [-23.40511, -51.93755],
    "Bloco C34": [-23.4052, -51.9379],
    "Bloco C56": [-23.4056, -51.941],
    "Bloco D03": [-23.4055, -51.9382],
    "Bloco D34": [-23.40545, -51.93855],
    "Bloco D67": [-23.4059, -51.9425],
    "Bloco D89": [-23.4061, -51.9435],
    "Bloco D90": [-23.4063, -51.9438],
    "Bloco E34": [-23.4053, -51.9392],
    "Bloco E46": [-23.40411, -51.94021],
    "Bloco E78": [-23.405, -51.943],
    "Bloco E90": [-23.4052, -51.9435],
    "Bloco F05": [-23.40445, -51.94055],
    "Bloco F10": [-23.4046, -51.9408],
    "Bloco G04": [-23.4042, -51.939],
    "Bloco G34": [-23.4045, -51.9395],
    "Bloco G56": [-23.4048, -51.9405],
    "Bloco G67": [-23.405, -51.941],
    "Bloco G68": [-23.4052, -51.9413],
    "Bloco G80": [-23.40391, -51.94155],
    "Bloco H01": [-23.4078, -51.9385],
    "Bloco H35": [-23.4075, -51.9395],
    "Bloco H67": [-23.4069, -51.9405],
    "Bloco H78": [-23.4066, -51.9415],
    "Bloco H90": [-23.4063, -51.942],
    "Bloco I-12 (PPE)": [-23.40711, -51.93888],
    "Bloco I-L G (ILG)": [-23.4065, -51.9365],
    "Bloco K68": [-23.4082, -51.9412],
    "Bloco K80": [-23.4085, -51.9415],
    "Bloco M05": [-23.40851, -51.94121],
    "Bloco M07": [-23.4088, -51.9408],
    "Bloco M15": [-23.409, -51.9415],
    "Bloco M21": [-23.4105, -51.9418],
    "Bloco M22": [-23.4108, -51.9415],
    "Bloco M24": [-23.4092, -51.941],
    "Bloco M30": [-23.411, -51.942],
    "Bloco M33": [-23.4112, -51.9423],
    "Bloco M34": [-23.4115, -51.9426],
    "Bloco M40": [-23.408, -51.9405],
    "Bloco M50": [-23.412, -51.943],
    "Bloco N02": [-23.4102, -51.945],
    "Bloco N19": [-23.4098, -51.941],
    "Bloco N21": [-23.41011, -51.94155],
    "Bloco N22": [-23.4103, -51.9418],
    "Bloco N27": [-23.4106, -51.9421],
    "Bloco N28": [-23.4095, -51.9405],
    "Bloco O02": [-23.4038, -51.9352],
    "Bloco O08": [-23.40411, -51.93511],
    "Bloco O11": [-23.4035, -51.9355],
    "Bloco O21": [-23.4039, -51.9358],
    "Bloco O23": [-23.4045, -51.935],
    "Bloco O24": [-23.4039, -51.9348],
    "Bloco O27": [-23.4036, -51.9345],
    "Bloco P02": [-23.4068, -51.938],
    "Bloco Q01": [-23.4069, -51.936],
    "Bloco Q02": [-23.4071, -51.9363],
    "Bloco Q03": [-23.4073, -51.9366],
    "Bloco Q04": [-23.4075, -51.9369],
    "Bloco T02": [-23.4082, -51.939],
    "Bloco T10": [-23.4084, -51.9393],
    "Bloco T12": [-23.40891, -51.93955],
    "Bloco T13": [-23.4091, -51.9398],
    "Bloco T20": [-23.408, -51.9402],
    "Bloco T22": [-23.4082, -51.9405],
    "Bloco T35": [-23.4085, -51.9408],
    "Bloco 004": [-23.407, -51.9358],
    "Bloco 007 (DAA)": [-23.4066, -51.9362],
    "Bloco 101": [-23.4069, -51.9355],
    "Bloco 102 (DAA)": [-23.4067, -51.936],
    "Bloco 109": [-23.4064, -51.9356],
    "Bloco 110 (NPD)": [-23.4062, -51.9358],
    "Bloco 112": [-23.406, -51.9348],
    "Bloco 115": [-23.4073, -51.9352],
    "Bloco 118": [-23.4058, -51.9353],
    "Bloco 119": [-23.406, -51.9355],
    "Bloco 123": [-23.4086, -51.9388],
    "Bloco 124": [-23.4088, -51.9385],
    "Bloco 135": [-23.408, -51.9395],
    "Bloco 145": [-23.4078, -51.94],
    "Bloco 146": [-23.4076, -51.9405],
    "Bloco 157": [-23.409, -51.9402],
    "Bloco 178": [-23.4068, -51.9418],
    "Bloco 179": [-23.407, -51.9422],
    "Bloco 190": [-23.4065, -51.9425],
    "Bloco 301 (ATI)": [-23.4075, -51.9382],
    "Bloco 307": [-23.407, -51.941],
    "Bloco 312": [-23.4072, -51.939],
    "Bloco 345": [-23.4074, -51.9408],
    "Bloco 390": [-23.408, -51.941],

    "_comment_portarias": "--- PORTARIAS ---",
    "Portaria Av. Colombo": [-23.4079, -51.9378],
    "Portaria Av. Mandacaru": [-23.403, -51.9373],
    "Portaria Fundos/Moradia Estudantil": [-23.412, -51.944],
    "Portaria Bloco M22": [-23.411, -51.941],
    
    "_comment_default": "--- VALOR PADRÃO ---",
    "Outro Local / Não Listado": [-23.4079, -51.9378]
}